Sample,ASXL1,BCOR,CALR,CBL,DNMT3A,IDH1,IDH2,JAK2,KDM6A,KIT,KMT2C,KRAS,NF1,NRAS,PHF6,PTPN11,RUNX1,SF3B1,SRSF2,TET2,TP53,U2AF1,Diagnosis,fu_years,age,Sex,no_drivers
EPIC_0001,0,0,0,0,0.0119449,0,0,0,0,0,0,0,0,0,0,0,0,0,0,0,0,0,Control,14.89315068,58.579,male,2
EPIC_0002,0,0,0,0,0,0,0,0,0,0,0,0,0,0,0,0,0,0,0,0,0,0,Control,14.68767123,55.211,male,0
EPIC_0003,0,0,0,0,0.00911063,0,0,0,0,0,0,0,0,0,0,0,0,0,0,0,0,0,Control,14.08767123,60.838,female,2
EPIC_0004,0,0,0,0,0,0,0,0,0,0,0,0,0,0,0,0,0,0,0,0,0,0,Control,14.0739726,62.196,female,0
EPIC_0005,0,0,0,0,0.010479,0,0,0,0,0,0,0,0,0,0,0,0,0,0,0,0.129794,0,AML,0.602739726,62.869,female,2
EPIC_0006,0,0,0,0,0,0,0,0,0,0,0,0,0,0,0,0,0,0,0,0,0,0,AML,10.86027397,60.799,female,0
EPIC_0007,0,0,0,0,0.0139498,0,0,0,0,0,0,0,0,0,0,0,0,0,0,0.00761366,0,0,Control,14.05205479,62.574,female,2
EPIC_0008,0,0,0,0,0,0,0,0,0,0,0,0,0,0,0,0,0,0,0,0,0,0,Control,14.04931507,62.376,female,0
EPIC_0009,0,0,0,0,0,0,0,0,0,0,0,0,0,0,0,0,0,0,0,0,0,0,Control,14.03287671,62.387,female,0
EPIC_0010,0,0,0,0,0,0,0,0,0,0,0,0,0,0,0,0,0,0,0,0,0,0,Control,14.48767123,55.346,female,0
EPIC_0011,0,0,0,0,0,0,0,0,0,0,0,0,0,0,0,0,0,0,0,0,0,0,Control,14.42191781,55.031,female,0
EPIC_0012,0,0,0,0,0,0,0,0,0,0,0,0,0,0,0,0,0,0,0,0,0,0,Control,13,51.439,male,0
EPIC_0013,0,0,0,0,0,0,0,0,0,0,0,0,0,0,0,0,0,0,0,0,0,0,Control,12.95890411,51.978,male,0
EPIC_0015,0,0,0,0,0,0,0,0,0,0,0,0,0,0,0,0,0,0,0,0,0,0,AML,12.09589041,46.511,female,0
EPIC_0016,0,0,0,0,0,0,0,0,0,0,0,0,0,0,0,0,0,0,0,0,0,0,Control,13.83561644,49.06,female,0
EPIC_0017,0,0,0,0,0,0,0,0,0,0,0,0,0,0,0,0,0,0,0,0,0,0,Control,13.71232877,46.012,female,0
EPIC_0018,0,0,0,0,0,0,0,0,0,0,0,0,0,0,0,0,0,0,0,0,0,0,Control,13.69041096,46.754,female,0
EPIC_0020,0,0,0,0,0.00430707,0,0,0,0,0,0,0,0,0,0,0,0,0,0,0,0,0,Control,13.68767123,46.152,female,1
EPIC_0021,0,0,0,0,0,0,0,0,0,0,0,0,0,0,0,0,0,0,0,0,0,0,Control,14.65205479,56.052,male,0
EPIC_0022,0,0,0,0,0.0177317,0,0,0,0,0,0,0,0,0,0,0,0,0,0,0,0,0,Control,13.57260274,57.109,female,1
EPIC_0023,0,0,0,0,0,0,0,0,0,0,0,0,0,0,0,0,0,0,0,0,0,0,Control,13.08493151,41.106,female,0
EPIC_0024,0,0,0,0,0.027127,0,0,0,0,0,0,0,0,0,0,0,0,0,0,0,0,0,Control,9.090410959,41.613,female,1
EPIC_0025,0,0,0,0,0,0,0,0,0,0,0,0,0,0,0,0,0,0,0,0,0,0,Control,12.89589041,41.673,female,0
EPIC_0026,0,0,0,0,0,0,0,0,0,0,0,0,0,0,0,0,0,0,0,0,0,0,Control,12.88219178,41.632,female,0
EPIC_0027,0,0,0,0,0.00389864,0,0,0,0,0,0,0,0,0,0,0,0,0,0,0,0,0,Control,8.191780822,63.652,female,1
EPIC_0028,0,0,0,0,0,0,0,0,0,0,0,0,0,0,0,0,0,0,0,0.0123001,0,0,Control,12.74520548,63.707,female,1
EPIC_0029,0,0,0,0,0,0,0,0,0,0,0,0,0,0,0,0,0,0,0,0,0,0,Control,13.48767123,49.977,female,0
EPIC_0030,0,0,0,0,0,0,0,0,0,0,0,0,0,0,0,0,0,0,0,0,0,0,Control,13.28767123,49.845,female,0
EPIC_0031,0,0,0,0,0,0,0,0,0,0,0,0,0,0,0,0,0,0,0,0,0,0,Control,11.95616438,57.317,male,0
EPIC_0032,0,0,0,0,0.0955071,0,0,0,0,0,0,0,0,0,0,0,0,0,0,0,0,0,Control,11.95342466,57.922,male,1
EPIC_0033,0,0,0,0,0,0,0,0,0,0,0,0,0,0,0,0,0,0,0,0,0,0,Control,11.76438356,62.289,female,0
EPIC_0034,0.00324613,0,0,0,0,0,0,0,0,0,0,0,0,0,0,0,0,0,0,0.0100082,0,0,Control,14.74520548,55.025,male,2
EPIC_0035,0,0,0,0,0,0,0,0,0,0,0,0,0,0,0,0,0,0,0,0,0,0,Control,14.70684932,55.411,male,0
EPIC_0036,0,0,0,0,0,0,0,0,0,0,0,0,0,0,0,0,0,0,0,0,0,0,Control,14.69041096,55.713,male,0
EPIC_0037,0,0,0,0,0,0,0,0,0,0,0,0,0,0,0,0,0,0,0,0,0,0,AML,3.180821918,55.847,male,0
EPIC_0038,0,0,0,0,0,0,0,0,0,0,0,0,0,0,0,0,0,0,0,0,0,0,Control,13.69041096,49.528,female,0
EPIC_0039,0.00393798,0,0,0,0.00490196,0,0,0,0,0,0,0,0,0,0,0,0,0,0,0,0,0,Control,14.15342466,58.245,female,2
EPIC_0040,0,0,0,0.00350877,0.0143573,0,0,0,0,0,0,0,0,0,0,0,0,0,0,0,0,0,AML,9.961643836,58.464,female,2
EPIC_0041,0,0,0,0,0,0,0,0,0,0,0,0,0,0,0,0,0,0,0,0,0,0,Control,14.13150685,58.683,female,0
EPIC_0042,0,0,0,0,0,0,0,0,0,0,0,0,0,0,0,0,0,0,0,0,0,0,Control,14.11506849,59.335,male,0
EPIC_0043,0,0,0,0,0.00922045,0,0,0,0,0,0,0,0,0,0,0,0,0,0,0,0,0,Control,14.11506849,58.078,female,1
EPIC_0044,0,0,0,0,0,0,0,0,0,0,0,0,0,0,0,0,0,0,0,0,0.00987306,0.00561313,AML,8.282191781,58.308,male,2
EPIC_0045,0,0,0,0,0,0,0,0,0,0,0,0,0,0,0,0,0,0,0,0,0,0,Control,12.78082192,58.667,male,0
EPIC_0046,0,0,0,0,0,0,0,0,0,0,0,0,0,0,0,0,0,0,0,0,0,0,Control,14.0109589,54.286,male,0
EPIC_0047,0,0,0,0,0,0,0,0,0,0,0,0,0,0,0,0,0,0,0,0,0,0,AML,2.780821918,54.004,male,0
EPIC_0048,0,0,0,0,0,0,0,0,0,0,0,0,0,0,0,0,0,0,0,0,0,0,Control,13.89315068,54.957,male,0
EPIC_0049,0,0,0,0,0.00960473,0,0,0,0,0,0,0,0,0,0,0,0,0,0,0,0,0,Control,13.76438356,50.39,male,1
EPIC_0050,0,0,0,0,0,0,0,0,0,0,0,0,0,0,0,0,0,0,0,0,0,0,Control,13.69315068,50.234,male,0
EPIC_0051,0,0,0,0,0,0,0,0.434507,0,0,0,0,0,0,0.0101083,0,0,0,0,0,0,0,AML,6.008219178,50.177,male,2
EPIC_0052,0,0,0,0,0,0,0,0,0,0,0,0,0,0,0,0,0,0,0,0,0,0,Control,13.51780822,50.639,male,0
EPIC_0053,0,0,0,0,0.0410085,0,0,0,0,0,0,0,0,0,0,0,0,0,0,0,0,0,Control,7.575342466,63.841,female,1
EPIC_0054,0,0,0,0,0,0,0,0,0,0,0,0.00622222,0,0,0,0,0,0,0,0,0,0,Control,12.57808219,51.107,male,1
EPIC_0055,0,0,0,0,0,0,0,0,0,0,0,0,0,0,0,0,0,0,0,0,0,0,Control,12.54794521,48.131,male,0
EPIC_0056,0,0,0,0,0.00865801,0,0,0,0,0,0,0,0,0,0,0,0,0,0,0,0,0,Control,14.22191781,55.606,female,2
EPIC_0057,0,0,0,0,0,0,0,0,0,0,0,0,0,0,0,0,0,0,0,0,0,0,Control,14.18356164,55.472,female,0
EPIC_0058,0,0,0,0.0101729,0,0,0,0,0,0,0,0,0,0,0,0,0,0,0,0,0,0,Control,14.02465753,58.568,male,1
EPIC_0059,0,0,0,0,0.003002,0,0,0,0.00968367,0,0,0,0,0,0,0,0,0,0,0,0,0,Control,9.293150685,64.186,male,2
EPIC_0060,0,0,0,0,0,0,0,0,0,0,0,0,0,0,0,0,0,0,0,0,0,0,Control,8.619178082,64.331,male,0
EPIC_0061,0,0,0,0,0,0,0,0,0,0,0,0,0,0,0,0,0,0,0,0,0,0,Control,9.947945205,64.786,male,0
EPIC_0062,0.178381,0,0,0,0,0,0,0,0,0,0,0,0,0,0,0,0.587441,0,0,0,0,0,AML,1.783561644,64.879,male,3
EPIC_0063,0,0,0,0,0,0,0,0,0,0,0,0,0,0,0,0,0,0,0,0,0,0,Control,13.67123288,49.073,female,0
EPIC_0064,0,0,0,0,0,0,0,0,0,0,0,0,0,0,0,0,0,0.294925,0,0,0,0,AML,3.895890411,57.246,female,1
EPIC_0065,0,0,0,0,0.0112965,0,0,0,0,0,0,0,0,0,0,0,0,0,0,0.0322041,0,0,Control,13.44383562,57.777,female,2
EPIC_0066,0,0,0,0,0.00992009,0,0,0,0,0,0,0,0,0,0,0,0,0,0,0,0,0,Control,10.40547945,57.656,female,1
EPIC_0067,0.00540885,0,0,0,0,0,0,0,0,0,0,0,0,0,0,0,0,0,0,0,0,0,AML,10.74246575,66.511,female,3
EPIC_0068,0,0,0,0,0,0,0,0,0,0,0,0,0,0,0,0,0,0,0,0,0,0,Control,13.76438356,60.838,female,0
EPIC_0069,0,0,0,0,0,0,0,0,0,0,0,0,0,0,0,0,0,0,0,0.0967092,0,0,Control,13.70684932,73.829,female,1
EPIC_0070,0,0,0,0,0,0,0,0,0,0,0,0,0,0,0,0,0,0,0,0,0,0,Control,13.64657534,60.361,female,0
EPIC_0071,0,0,0,0,0,0,0,0,0,0,0,0,0,0,0,0,0,0,0,0.00631154,0,0,Control,13.15068493,49.522,male,1
EPIC_0072,0,0,0,0,0,0,0,0,0,0,0,0,0,0,0,0,0,0,0,0,0,0,Control,12.50958904,48.835,male,0
EPIC_0073,0,0,0,0,0.00481026,0,0,0,0,0,0,0,0,0,0,0,0,0,0,0,0,0,Control,12.11232877,55.926,female,1
EPIC_0074,0,0,0,0.328705,0.00711088,0,0,0,0,0,0,0,0,0,0,0,0,0,0,0,0,0,Control,12.10958904,55.124,female,3
EPIC_0075,0,0,0,0,0.0578996,0,0,0,0,0,0,0,0,0,0,0,0,0,0,0.00546605,0,0,AML,5.808219178,55.992,female,3
EPIC_0076,0,0,0,0,0.0131234,0,0,0,0,0,0,0,0,0,0,0,0,0,0,0,0,0,Control,12.50958904,63.359,female,3
EPIC_0077,0,0,0,0,0,0,0,0,0,0,0,0,0,0,0,0,0,0,0,0,0,0,Control,14.32328767,56.928,male,0
EPIC_0078,0,0,0,0,0,0,0,0,0,0,0,0,0,0,0,0,0,0,0,0,0,0,Control,14.30684932,56.452,male,0
EPIC_0079,0,0,0,0,0,0,0,0,0,0,0,0,0,0,0,0,0,0,0,0,0,0,Control,14.21643836,56.561,male,0
EPIC_0080,0,0,0,0,0,0,0,0,0,0,0,0,0,0,0,0,0,0,0,0,0,0,Control,14.1890411,52.589,male,0
EPIC_0081,0.0025974,0,0,0,0.0569948,0,0,0,0,0,0,0,0,0,0,0,0,0,0,0,0,0,AML,8.810958904,52.589,male,2
EPIC_0082,0,0,0,0,0.189985,0,0,0,0,0,0,0,0,0,0,0,0,0,0,0,0,0,Control,14.13424658,52.151,male,1
EPIC_0083,0,0,0,0,0,0,0,0,0,0,0,0,0,0,0,0,0,0,0,0,0,0,Control,14.12876712,52.75,male,0
EPIC_0084,0,0,0.00247572,0,0,0,0,0,0,0,0,0.00591966,0,0,0,0,0,0,0,0.0075662,0,0,Control,12.04109589,55.745,female,3
EPIC_0085,0,0,0,0,0,0,0,0,0,0,0,0,0,0,0,0,0,0,0,0,0,0,Control,11.90410959,48.542,female,0
EPIC_0086,0,0,0,0,0,0,0,0,0,0,0,0,0,0,0,0,0,0,0,0,0,0,Control,11.84383562,59.63,female,0
EPIC_0087,0,0,0,0,0,0,0,0,0,0,0,0,0,0,0,0,0,0,0,0,0,0,AML,8.367123288,48.887,female,0
EPIC_0088,0,0,0,0,0,0,0,0,0,0,0,0,0,0,0,0,0,0,0,0,0,0,Control,11.75342466,59.335,female,0
EPIC_0089,0,0,0,0,0,0,0,0,0,0,0,0,0,0,0,0,0,0,0,0,0,0,Control,11.73150685,59.433,female,0
EPIC_0090,0,0,0,0,0.0277322,0,0,0,0,0,0,0,0,0,0,0,0,0,0,0,0,0,Control,11.70958904,48.572,female,3
EPIC_0091,0,0,0,0,0,0,0,0,0,0,0,0,0,0,0,0,0,0,0,0,0,0,Control,11.69041096,48.865,female,0
EPIC_0092,0,0,0,0,0,0,0,0,0,0,0,0,0,0,0,0,0,0,0,0,0,0,Control,11.79178082,64.646,male,0
EPIC_0093,0,0,0,0,0,0,0,0,0,0,0,0,0,0,0,0,0,0,0,0,0,0,Control,12.92054795,56.972,male,0
EPIC_0094,0,0,0,0,0,0,0,0,0,0,0,0,0,0,0,0,0,0,0,0,0,0,Control,12.92054795,56.255,male,0
EPIC_0095,0.00307338,0,0,0,0,0,0,0,0,0,0,0,0,0,0,0,0,0,0,0,0,0,Control,12.90410959,52.89,female,1
EPIC_0096,0,0,0,0,0,0,0,0,0,0,0,0,0,0,0,0,0,0,0,0,0,0,AML,12.02739726,56.704,male,0
EPIC_0097,0,0,0,0,0,0,0,0,0,0,0,0,0,0,0,0,0,0,0,0,0,0,Control,12.64931507,56.928,male,0
EPIC_0098,0,0,0,0,0.00952381,0,0,0,0,0,0,0,0,0,0,0,0,0,0,0,0,0,Control,12.59178082,55.431,male,1
EPIC_0099,0,0,0,0,0,0,0,0,0,0,0,0,0,0,0,0,0,0,0,0,0.0738896,0,AML,7.701369863,56.222,female,2
EPIC_0100,0,0,0,0.00685921,0,0,0,0,0,0,0,0,0,0,0,0,0,0,0,0,0,0,Control,12.83013699,56.205,female,1
EPIC_0101,0,0,0,0,0,0,0,0,0,0,0,0,0,0,0,0,0,0,0,0,0,0,Control,12.82739726,52.723,female,0
EPIC_0102,0,0,0,0,0,0,0,0,0,0,0,0,0,0,0,0,0,0,0,0,0,0,Control,12.65753425,52.665,female,0
EPIC_0103,0,0,0,0,0,0,0,0,0,0,0,0,0,0,0,0,0,0,0,0,0,0,Control,12.4,52.966,female,0
EPIC_0104,0,0,0,0,0,0,0,0,0,0,0,0,0,0,0,0,0,0,0,0,0,0,Control,12.36164384,52.219,female,0
EPIC_0105,0,0,0,0,0,0,0,0,0,0,0,0,0,0,0,0,0,0,0,0,0,0,Control,12.52328767,55.959,male,0
EPIC_0106,0.00369881,0,0,0,0,0,0,0,0,0,0,0,0,0,0,0,0,0,0,0.00282558,0,0,Control,12.42739726,55.403,male,2
EPIC_0107,0,0,0,0,0,0,0,0,0,0,0,0,0,0,0,0,0,0,0,0,0,0,Control,10.70136986,73.941,female,0
EPIC_0108,0,0,0,0,0,0,0,0,0,0,0,0,0,0,0,0,0,0,0,0,0,0,Control,13.59452055,66.084,female,0
EPIC_0109,0,0,0,0,0,0,0,0,0,0,0,0,0,0,0,0,0,0,0,0,0,0,Control,13.59178082,66.034,female,0
EPIC_0110,0,0,0,0,0,0,0,0,0,0,0,0,0,0,0,0,0,0,0,0,0,0,Control,11.4,66.19,female,0
EPIC_0111,0,0,0,0,0.0144516,0,0,0,0,0,0,0,0,0,0,0,0,0,0,0,0,0,Control,13.53972603,70.144,male,1
EPIC_0112,0,0,0,0.0021925,0,0,0,0,0,0,0,0,0,0,0,0,0,0,0,0,0,0,Control,13.36712329,60.517,female,1
EPIC_0113,0,0,0,0,0,0,0,0,0,0,0,0,0,0,0,0,0,0,0,0,0,0,Control,12.58082192,49.908,male,0
EPIC_0114,0,0,0,0,0,0,0,0,0,0,0,0,0,0,0,0,0,0,0,0,0,0,Control,13.28493151,67.086,female,0
EPIC_0115,0,0,0,0,0,0,0,0,0,0,0,0,0,0,0,0,0,0,0,0,0,0,Control,13.19452055,67.105,female,0
EPIC_0116,0,0,0,0,0,0,0,0,0,0,0,0,0,0,0,0,0,0,0,0.0040107,0,0,Control,12.49315068,55.406,female,1
EPIC_0117,0,0,0,0,0,0,0,0,0,0,0,0,0,0,0,0,0,0,0,0,0,0,Control,13.07123288,67.54,female,0
EPIC_0118,0,0,0,0,0,0,0,0,0,0,0,0,0,0,0,0,0,0,0,0,0,0,Control,13,68.011,female,0
EPIC_0119,0,0,0,0,0,0,0,0,0,0,0,0,0.00293614,0,0,0,0,0,0,0.010917,0,0,Control,12.8109589,68.698,female,2
EPIC_0120,0,0,0,0,0,0,0,0,0,0,0,0,0,0,0,0,0,0,0,0.014979,0,0,Control,10.01643836,44.903,male,1
EPIC_0121,0,0,0,0,0,0,0,0,0,0,0,0,0,0,0,0,0,0,0,0,0,0,Control,9.805479452,44.452,male,0
EPIC_0122,0,0,0,0,0,0,0,0,0,0,0,0,0,0,0,0,0,0,0,0,0,0,Control,9.805479452,44.244,male,0
EPIC_0123,0,0,0.13799,0,0,0,0,0,0,0,0,0,0,0,0,0,0,0,0,0,0,0,Control,9.753424658,63.151,male,1
EPIC_0124,0,0,0,0,0,0,0,0,0,0,0,0,0,0,0,0,0,0,0,0,0,0,Control,9.704109589,63.732,male,0
EPIC_0125,0,0,0,0,0.0109845,0,0,0,0,0,0,0,0,0,0,0,0,0,0,0,0,0,Control,12.90136986,55.751,female,1
EPIC_0126,0,0,0,0,0.00608931,0,0,0,0,0,0,0,0,0,0,0,0,0,0,0,0,0,Control,12.78356164,55.274,female,1
EPIC_0127,0,0,0,0,0.00550459,0,0,0,0,0,0,0,0,0,0,0,0,0,0,0,0,0,Control,12.52876712,55.496,female,2
EPIC_0128,0,0,0,0,0,0,0,0,0,0,0,0,0,0,0,0,0,0,0,0,0,0,Control,10.73424658,43.455,male,0
EPIC_0129,0,0,0,0,0.0101917,0,0,0,0,0,0,0,0,0,0,0,0,0,0,0,0,0,Control,11.00821918,56.025,male,1
EPIC_0130,0,0,0,0,0,0,0,0,0,0,0,0,0,0,0,0,0,0,0,0,0,0,Control,11.08219178,56.457,male,0
EPIC_0131,0,0,0,0,0,0,0,0,0,0,0,0,0,0,0,0,0,0,0,0,0,0,Control,11.46575342,56.268,male,0
EPIC_0132,0,0,0,0,0.00514297,0,0,0,0,0,0,0,0,0,0.00628053,0,0.491768,0,0,0.0223569,0,0,AML,9.583561644,56.088,male,4
EPIC_0133,0,0,0,0,0,0,0,0,0,0,0,0,0,0,0,0,0,0,0,0,0,0,Control,10.91232877,56.542,male,0
EPIC_0134,0,0,0,0,0,0,0,0,0,0,0,0,0,0,0,0,0,0,0,0,0,0,Control,11.26027397,43.25,male,0
EPIC_0135,0,0,0,0,0,0,0,0,0,0,0,0,0,0,0,0,0,0,0,0.00495427,0,0,Control,11.09863014,43.222,male,1
EPIC_0136,0,0,0,0,0,0,0,0,0,0,0,0,0,0,0,0,0,0,0,0,0,0,Control,8.109589041,61.051,male,0
EPIC_0137,0,0,0,0,0,0,0,0,0,0,0,0,0,0,0,0,0,0,0,0.0103044,0,0,Control,8.071232877,56.197,female,1
EPIC_0138,0,0,0,0,0,0,0,0,0,0,0,0,0,0,0,0,0,0,0,0.0541498,0,0,Control,8.068493151,56.756,female,1
EPIC_0139,0,0,0,0,0,0,0,0,0,0,0,0,0,0,0,0,0,0,0,0,0,0,Control,8.060273973,61.52,male,0
EPIC_0140,0,0,0,0,0,0,0,0,0,0,0,0,0,0,0,0,0,0,0,0,0,0,Control,8.098630137,61.632,male,0
EPIC_0141,0,0,0,0,0,0.0317565,0,0.175865,0,0,0,0,0,0,0,0,0,0,0.373218,0,0,0,AML,4.465753425,60.485,male,3
EPIC_0142,0,0,0,0,0,0,0,0,0,0,0,0,0,0,0,0,0,0.00231535,0,0,0,0,Control,7.97260274,60.531,male,1
EPIC_0143,0,0,0,0,0,0,0,0,0,0,0,0,0,0,0,0,0,0,0,0,0,0,Control,8.230136986,56.545,female,0
EPIC_0144,0,0,0,0,0,0,0,0,0,0,0,0,0,0,0,0,0,0,0,0,0,0,Control,7.879452055,60.03,male,0
EPIC_0145,0,0,0,0,0,0,0,0,0,0,0,0,0,0,0,0,0,0,0,0,0,0,Control,7.956164384,60.156,male,0
EPIC_0146,0,0,0,0,0,0,0,0,0,0,0,0,0,0,0,0,0,0,0,0,0,0,Control,8.21369863,53.826,male,0
EPIC_0147,0.0622222,0,0,0,0,0,0,0,0,0,0,0,0,0,0,0,0,0,0.210766,0,0,0,AML,8.109589041,53.01,male,2
EPIC_0148,0,0,0,0,0,0,0,0,0,0,0,0,0,0,0,0,0,0,0,0,0,0,Control,10.92054795,43.264,male,0
EPIC_0149,0,0,0,0,0,0,0,0,0,0,0,0,0,0,0,0,0,0,0,0.00878707,0,0,Control,10.78082192,61.613,male,1
EPIC_0150,0,0,0,0,0,0,0,0,0,0,0,0,0,0,0,0,0,0,0,0,0,0,Control,12.73424658,50.601,female,0
EPIC_0151,0,0,0,0,0,0,0,0,0,0,0,0,0,0,0,0,0,0,0,0,0,0,Control,12.80547945,54.382,female,0
EPIC_0152,0,0,0,0,0.0130532,0,0,0,0,0,0,0,0,0,0,0,0,0,0,0,0,0,Control,12.70958904,54.935,female,2
EPIC_0153,0,0,0,0,0,0,0,0,0,0,0,0,0,0,0,0,0,0,0,0,0,0,Control,12.28767123,50.316,female,0
EPIC_0154,0,0,0,0,0,0,0,0,0,0,0,0,0,0,0,0,0,0,0,0,0,0,Control,12.26849315,46.428,male,0
EPIC_0155,0,0,0,0,0,0,0,0,0,0,0,0,0,0,0,0,0,0,0,0,0,0,Control,12.26849315,46.374,male,0
EPIC_0156,0,0,0,0,0.0113296,0,0,0,0,0,0,0,0,0,0,0,0,0,0,0,0,0,Control,12.2630137,50.631,female,1
EPIC_0157,0,0,0,0,0,0,0,0,0,0,0,0,0,0,0,0,0,0,0,0,0,0,Control,12.20821918,50.568,female,0
EPIC_0158,0,0,0,0,0,0,0,0,0,0,0,0,0,0,0,0,0,0,0,0.00194553,0,0,Control,12.13150685,62.623,male,1
EPIC_0159,0,0,0,0,0,0,0,0,0,0,0,0,0,0,0,0,0,0,0,0,0,0,Control,11.82739726,62.398,male,0
EPIC_0160,0,0,0,0,0,0,0,0,0,0,0,0,0,0,0,0,0,0,0,0,0,0,Control,11.74520548,36.657,female,0
EPIC_0161,0,0,0,0,0,0,0,0,0,0,0,0,0,0,0,0,0,0,0,0,0,0,Control,11.59726027,36.564,female,0
EPIC_0162,0,0,0,0,0,0,0,0,0,0,0,0,0,0,0,0,0,0,0,0,0,0,AML,2.876712329,36.819,female,0
EPIC_0163,0,0,0,0,0,0,0,0,0,0,0,0,0,0,0,0,0,0,0,0,0,0,Control,11.42739726,36.082,female,0
EPIC_0164,0,0,0,0,0,0,0,0,0,0,0,0,0,0,0,0,0,0,0,0,0,0,Control,11.42465753,36.189,female,0
EPIC_0165,0,0,0,0,0.0109718,0,0,0,0,0,0,0,0,0,0,0,0,0.0377327,0,0.014381,0,0,AML,11.12328767,58.864,male,3
EPIC_0166,0,0,0,0,0,0,0,0,0,0,0,0,0,0,0,0,0,0,0,0.022507,0,0,Control,12.6630137,58.42,male,2
EPIC_0167,0,0,0,0,0,0,0,0,0,0,0,0,0,0,0,0,0,0,0,0,0,0,Control,12.57534247,58.177,male,0
EPIC_0168,0,0,0,0,0,0,0,0,0,0,0,0,0,0,0,0,0,0,0,0,0,0,Control,7.865753425,60.638,female,0
EPIC_0169,0,0,0,0.00184886,0.149521,0,0,0,0,0,0,0,0,0,0,0,0,0,0,0,0,0,Control,11.57534247,60.468,female,2
EPIC_0170,0,0,0,0,0.00397501,0,0,0,0,0,0,0,0,0,0,0,0,0,0,0,0,0,Control,11.92328767,58.412,female,1
EPIC_0171,0,0,0,0,0,0,0,0,0,0,0,0,0,0,0,0,0,0,0,0,0,0.0077533,AML,8.742465753,54.034,male,1
EPIC_0172,0,0,0,0,0,0,0,0,0,0,0,0,0,0,0,0,0,0,0,0,0,0,Control,12.51506849,54.877,male,0
EPIC_0174,0,0,0,0,0,0,0,0,0,0,0,0,0,0,0,0,0,0,0,0.0029301,0,0,Control,12.40273973,54.1,male,1
EPIC_0175,0,0,0,0,0.00588085,0,0,0,0,0,0,0,0,0,0,0,0,0,0,0,0,0,Control,12.61643836,58.576,male,1
EPIC_0176,0.00431448,0,0,0,0.0581171,0,0,0,0,0,0,0,0,0,0,0,0,0,0,0,0,0.0539629,AML,4.106849315,64.501,male,4
EPIC_0177,0.00940239,0,0,0,0,0,0,0,0,0,0,0,0,0,0,0,0,0,0,0.00332542,0,0,Control,13.56164384,64.216,male,2
EPIC_0178,0,0,0,0,0,0,0,0,0,0,0,0,0,0,0,0,0,0,0,0,0,0,Control,13.42465753,64.515,male,0
EPIC_0179,0,0,0,0,0,0,0,0,0,0,0,0,0,0,0,0,0,0,0,0,0,0,Control,13.21369863,59.006,female,0
EPIC_0180,0,0,0,0,0,0,0,0,0,0,0,0,0,0,0,0,0,0,0,0,0,0,Control,13.09589041,59.606,female,0
EPIC_0181,0,0,0,0,0.0047926,0,0,0,0,0,0,0,0,0,0,0,0,0,0,0,0,0,Control,13.03561644,39.981,female,1
EPIC_0182,0,0,0,0,0,0,0,0,0,0,0,0,0,0,0,0,0,0,0,0,0,0,Control,12.88493151,39.157,female,0
EPIC_0183,0,0,0,0,0,0,0,0,0,0,0,0,0,0,0,0,0,0,0,0,0,0,Control,12.8630137,50.653,female,0
EPIC_0184,0,0,0,0,0,0,0,0,0,0,0,0,0,0,0,0,0,0,0,0.023705,0,0,Control,12.84657534,59.409,female,3
EPIC_0185,0,0,0,0,0,0,0,0,0,0,0,0,0,0,0,0,0,0,0,0.034093,0,0,Control,10.73150685,56.271,female,1
EPIC_0186,0,0,0,0,0.0199078,0,0,0,0,0,0,0,0,0,0,0,0,0,0,0,0,0,Control,10.64657534,56.446,female,5
EPIC_0187,0,0,0,0,0,0,0,0,0,0,0,0,0,0,0,0,0,0,0,0,0,0,Control,10.62191781,56.315,female,0
EPIC_0188,0,0,0,0,0,0,0,0,0,0,0,0,0,0,0,0,0,0,0,0,0,0,Control,10.60273973,56.345,female,0
EPIC_0189,0,0,0,0,0,0,0,0,0,0,0,0,0,0,0,0,0,0,0,0,0,0,Control,12.79452055,50.68,female,0
EPIC_0190,0,0,0,0,0,0,0,0,0,0,0,0,0,0,0,0,0,0,0,0,0,0,Control,12.77534247,50.111,female,0
EPIC_0191,0,0,0,0,0.0998946,0,0,0,0,0,0,0,0,0,0,0,0,0,0,0,0,0,Control,12.71506849,39.228,female,1
EPIC_0192,0,0,0,0,0,0,0,0,0,0,0,0,0,0,0,0,0,0,0,0,0,0,Control,12.64109589,50.223,female,0
EPIC_0193,0,0,0,0,0,0,0,0,0,0,0,0,0,0,0,0,0,0,0,0,0,0,Control,12.7260274,56.386,female,0
EPIC_0195,0,0,0,0,0.0184487,0,0,0,0,0,0,0,0,0,0,0,0,0,0,0,0,0,Control,12.70410959,52.156,female,1
EPIC_0196,0,0,0,0,0.0173979,0,0,0,0,0,0,0,0,0,0,0,0,0,0,0,0,0,Control,12.2630137,55.368,female,3
EPIC_0197,0,0,0,0,0.00870376,0,0,0,0,0,0,0,0,0,0,0,0,0,0,0,0,0,Control,12.1369863,55.83,female,1
EPIC_0198,0,0,0,0,0,0,0,0,0,0,0,0,0,0,0,0,0,0,0,0,0,0,Control,12.13424658,48.233,female,0
EPIC_0199,0,0,0,0,0,0,0,0,0,0,0,0,0,0,0,0,0,0,0,0,0,0,Control,12.61917808,68.616,female,0
EPIC_0200,0,0,0,0,0,0,0,0,0,0,0,0,0,0,0,0,0,0,0,0,0,0,Control,12.61369863,56.953,female,0
EPIC_0201,0,0,0,0,0,0,0,0,0,0,0,0,0,0,0,0,0,0,0,0,0,0,Control,12.6109589,68.983,female,0
EPIC_0202,0,0,0,0,0,0,0,0,0,0,0,0,0.00498414,0,0,0,0,0,0,0,0,0,Control,12.59726027,52.827,female,1
EPIC_0203,0,0,0,0,0.0220694,0,0,0,0,0,0,0,0,0,0,0,0,0,0,0,0,0,Control,12.49863014,56.249,female,4
EPIC_0204,0,0,0,0,0,0,0,0,0,0,0,0,0,0,0,0,0,0,0,0,0,0,Control,12.49863014,52.843,female,0
EPIC_0205,0,0,0,0,0,0,0,0,0,0,0,0,0,0,0,0,0,0,0,0.00723654,0,0,Control,12.06027397,55.403,female,2
EPIC_0206,0,0,0,0,0,0,0,0,0,0,0,0,0,0,0,0,0,0,0,0,0,0,Control,12.05205479,48.427,female,0
EPIC_0207,0,0,0,0,0,0,0,0,0,0,0,0,0,0,0,0,0,0,0,0,0,0,Control,11.94794521,69.476,female,0
EPIC_0208,0,0,0,0.00568562,0.00254669,0,0,0,0,0,0,0,0,0,0,0,0,0,0,0.00399129,0,0,Control,11.7890411,67.737,female,3
EPIC_0209,0,0,0,0,0.00836725,0,0,0,0,0,0,0,0,0,0,0,0,0,0,0,0,0,Control,11.78630137,48.942,female,1
EPIC_0210,0,0,0,0,0,0,0,0,0,0,0,0,0,0,0,0,0,0,0,0,0,0,Control,12.07945205,58.47,female,0
EPIC_0211,0,0,0,0,0,0,0,0,0,0,0,0,0,0,0,0,0,0,0,0,0,0,Control,11.83835616,58.762,female,0
EPIC_0212,0,0,0,0,0,0,0,0,0,0,0,0,0,0,0.0118577,0,0,0,0,0,0,0,AML,11.03013699,64.162,male,1
EPIC_0213,0.00321913,0,0,0,0.00528719,0,0,0,0,0,0,0,0,0,0,0,0,0,0,0,0,0,Control,11.76438356,64.789,male,3
EPIC_0214,0,0,0,0,0,0,0,0,0,0,0,0,0,0,0,0,0,0,0,0,0,0,Control,12.0630137,46.902,male,0
EPIC_0215,0,0,0,0,0.00504808,0,0,0,0,0,0,0,0,0,0,0,0,0,0,0,0,0,Control,12.04657534,46.727,male,1
EPIC_0216,0,0,0,0,0,0,0,0,0,0,0,0,0,0,0,0,0,0,0,0,0,0,Control,11.99452055,46.949,male,0
EPIC_0217,0,0,0,0,0,0,0,0,0,0,0,0,0,0,0,0,0,0,0,0,0,0,Control,13.64109589,46.637,male,0
EPIC_0218,0,0,0,0,0.00179292,0,0,0,0,0,0,0,0,0,0,0,0,0,0,0,0,0,Control,11.66849315,55.348,male,1
EPIC_0219,0,0,0,0,0.00368518,0,0,0,0,0,0,0,0,0,0,0,0,0,0,0,0,0,AML,9.515068493,67.803,female,1
EPIC_0220,0.00215471,0,0,0,0,0,0,0,0,0,0,0,0,0,0,0,0,0,0,0,0,0,Control,11.54520548,67.348,female,1
EPIC_0221,0,0,0,0,0.00493305,0,0,0,0,0,0,0,0,0,0,0,0,0,0,0,0,0,Control,11.50684932,69.128,female,1
EPIC_0222,0,0,0,0,0,0,0,0,0,0,0,0,0,0,0,0,0,0,0,0,0,0,Control,12.30684932,58.409,male,0
EPIC_0223,0,0,0,0,0,0,0,0,0,0,0,0,0,0.0208991,0,0.0359665,0,0,0.317186,0.0123944,0,0,AML,1.821917808,74.319,female,4
EPIC_0224,0,0,0,0,0.204301,0,0,0,0,0,0,0,0,0,0,0,0,0,0,0,0,0,Control,11.47123288,69.558,female,1
EPIC_0225,0,0,0,0,0.00298329,0,0,0,0,0,0,0,0,0,0,0,0,0,0,0,0,0,Control,9.742465753,69.582,female,1
EPIC_0226,0,0,0,0,0.0486258,0,0,0,0,0,0,0,0,0,0,0.014261,0,0,0,0,0,0,Control,12.57534247,64.375,female,2
EPIC_0227,0,0,0,0,0,0,0,0,0,0,0,0,0,0,0,0,0,0,0,0,0,0,Control,10.29589041,74.42,female,0
EPIC_0228,0,0,0,0,0,0,0,0,0,0,0,0,0,0,0,0,0,0,0,0,0,0,Control,11.71232877,55.066,male,0
EPIC_0229,0,0,0,0,0,0,0,0,0,0,0,0,0,0,0,0,0,0,0,0,0,0,Control,10.88219178,36.983,female,0
EPIC_0230,0,0,0,0,0.194629,0,0,0,0,0,0,0,0,0,0,0,0,0,0,0,0,0,Control,13.29315068,69.812,female,2
EPIC_0231,0,0,0,0,0,0,0,0,0,0,0,0,0,0,0,0,0,0,0,0,0,0,Control,11.67945205,70.034,female,0
EPIC_0232,0,0,0,0,0,0,0,0,0,0,0,0,0,0,0,0,0,0,0,0,0,0,Control,11.8,70.762,female,0
EPIC_0233,0,0,0,0,0,0,0,0,0,0,0,0,0,0,0,0,0,0,0,0,0,0,Control,11.92054795,64.263,female,0
EPIC_0234,0,0,0,0,0.10866,0,0.0375326,0,0,0,0,0,0,0,0,0,0,0,0,0,0,0,AML,9.216438356,69.944,female,2
EPIC_0235,0,0,0,0,0,0,0,0,0,0,0,0,0,0,0,0,0,0,0,0,0,0,Control,7.95890411,74.229,female,0
EPIC_0236,0,0,0,0,0,0,0,0,0,0,0,0,0,0,0,0,0,0,0,0.00209512,0,0,Control,12.36438356,58.209,male,1
EPIC_0237,0,0,0,0,0,0,0,0,0,0,0,0,0,0,0,0,0,0,0,0,0,0,Control,12.0739726,58.554,male,0
EPIC_0238,0,0,0,0,0,0,0,0,0,0,0,0,0,0,0,0,0,0,0,0,0,0,Control,12.09315068,52.145,female,0
EPIC_0239,0,0,0,0,0,0,0,0,0,0,0,0,0,0,0,0,0,0,0,0,0,0,Control,12.0630137,67.373,female,0
EPIC_0240,0,0,0,0,0,0,0,0,0,0,0,0,0,0,0,0,0,0,0,0,0,0,Control,12.0630137,52.772,female,0
EPIC_0241,0.0233766,0,0,0,0,0,0,0,0,0,0,0,0,0,0,0,0,0,0,0,0,0,Control,11.98082192,67.11,female,1
EPIC_0242,0,0,0,0,0,0,0,0,0,0,0,0,0,0,0,0,0,0,0,0,0,0,Control,11.59726027,68.862,female,0
EPIC_0243,0,0,0,0,0,0,0,0,0,0,0,0,0,0,0,0,0,0,0,0,0,0,Control,11.43835616,38.376,female,0
EPIC_0244,0,0,0,0,0,0,0,0,0,0,0,0,0,0,0,0,0,0,0,0,0,0,Control,11.24931507,38.88,female,0
EPIC_0245,0,0,0,0,0,0,0,0,0,0,0,0,0,0,0,0,0,0,0,0,0,0,Control,11.23013699,38.628,female,0
EPIC_0246,0,0,0,0,0.00579768,0,0,0,0,0,0,0,0,0,0,0,0,0,0,0,0,0,AML,4.871232877,38.99,female,1
EPIC_0247,0,0,0,0,0,0,0,0,0,0,0,0,0,0,0,0,0,0,0,0,0,0,Control,11.43287671,68.208,female,0
EPIC_0248,0,0,0,0,0,0,0,0,0,0,0,0,0,0,0,0,0,0,0,0.00342612,0,0,Control,11.41369863,68.359,female,1
EPIC_0249,0.460843,0,0,0,0,0,0,0,0,0,0,0,0,0,0,0,0,0,0,0.00362438,0,0,AML,4.676712329,68.977,female,2
EPIC_0250,0,0,0,0,0,0,0,0,0,0,0,0,0,0,0,0,0,0,0,0,0,0,Control,8.778082192,43.606,female,0
EPIC_0251,0,0,0,0,0,0,0,0,0,0,0,0,0,0,0,0,0,0,0,0,0,0,Control,13.25753425,70.467,female,0
EPIC_0252,0,0,0,0,0,0,0,0,0,0,0,0,0,0,0,0,0,0,0,0,0,0,Control,12.14520548,36.531,female,0
EPIC_0253,0,0,0,0,0,0,0,0,0,0,0,0,0,0,0,0,0,0,0,0,0,0,Control,11.80821918,46.048,male,0
EPIC_0254,0,0,0,0,0.00384714,0,0,0,0,0,0,0,0,0,0,0,0,0,0,0,0,0,Control,11.99726027,70.554,female,1
EPIC_0255,0,0,0,0,0,0,0,0,0,0,0,0,0,0,0,0,0,0,0,0,0,0,AML,8.101369863,36.162,female,0
EPIC_0256,0,0,0,0,0,0,0,0,0,0,0,0,0,0,0,0,0,0,0,0,0,0,Control,11.81643836,43.302,female,0
EPIC_0258,0,0,0,0,0,0,0,0,0,0,0,0,0,0,0,0,0,0,0,0,0,0,Control,13.47945205,36.225,female,0
EPIC_0259,0,0,0,0,0,0,0,0,0,0,0,0,0,0,0,0,0,0,0,0,0,0,Control,11.290410960000001,43.209,female,0
EPIC_0260,0,0,0,0,0,0,0,0,0,0,0,0,0,0,0,0,0,0,0,0,0,0,Control,8.120547945,36.657,female,0
EPIC_0261,0,0,0,0,0.0144377,0,0,0,0,0,0.0542725,0,0,0,0,0,0,0,0,0.00286862,0.0739635,0.060678,AML,7.005479452,58.278,male,6
EPIC_0262,0,0,0,0,0,0,0,0,0,0,0,0,0,0,0,0,0,0,0,0,0,0,Control,11.19452055,66.084,female,0
EPIC_0263,0,0,0,0,0.00368906,0,0,0,0,0,0,0,0,0,0,0,0,0,0,0,0.00442018,0,Control,11.18082192,66.374,female,2
EPIC_0264,0,0,0,0,0,0,0,0,0,0,0,0,0,0,0,0,0,0,0,0,0,0,Control,11.15342466,55.833,female,0
EPIC_0265,0,0,0,0,0,0,0,0,0,0,0,0,0,0,0,0,0,0,0,0,0,0,Control,11.04109589,71.097,male,0
EPIC_0266,0,0,0,0,0,0,0,0,0,0,0,0,0,0,0,0,0,0,0,0,0,0,Control,10.96986301,55.633,female,0
EPIC_0267,0,0,0,0,0,0,0,0,0,0,0,0,0,0,0,0,0,0,0,0,0,0,Control,10.28219178,54.297,female,0
EPIC_0268,0,0,0,0,0,0,0,0,0,0,0,0,0,0,0,0,0,0,0,0,0,0,Control,10.25753425,54.136,female,0
EPIC_0269,0.00381114,0,0,0,0.00811725,0,0,0,0,0,0,0,0,0,0,0,0,0,0,0,0,0.0658241,AML,9.353424658,54.478,female,3
EPIC_0270,0,0,0,0,0.0473401,0,0,0,0,0,0,0,0,0,0,0,0,0,0,0,0,0,Control,10.09041096,54.697,female,2
EPIC_0271,0,0,0,0,0,0,0,0,0,0,0,0,0,0,0,0,0,0,0,0.221849,0,0,AML,8.463013699,56.35,female,2
EPIC_0272,0,0,0,0,0.00321361,0,0,0,0,0,0,0,0,0,0,0,0,0,0,0.00505297,0,0,Control,9.950684932,54.708,female,2
EPIC_0273,0,0,0,0,0,0,0,0,0,0,0,0,0,0,0,0,0,0,0,0,0,0,Control,9.939726027,56.164,female,0
EPIC_0274,0,0,0,0,0,0,0,0,0,0,0,0,0,0,0,0,0.345118,0,0,0,0,0,Control,9.912328767,56.12,female,1
EPIC_0275,0,0,0,0,0.00821693,0,0,0,0,0,0,0,0,0,0,0,0,0,0,0,0,0,Control,9.906849315,56.241,female,1
EPIC_0276,0,0,0,0,0,0,0,0,0,0,0,0,0,0,0,0,0,0,0,0,0,0,Control,10.3369863,43.463,female,0
EPIC_0277,0,0,0,0,0,0,0,0,0,0,0,0,0,0,0,0,0,0,0,0,0,0,Control,12.15616438,42.628,female,0
EPIC_0278,0,0,0,0,0,0,0,0,0,0,0,0,0,0,0,0,0,0,0,0,0,0,Control,11.97260274,42.801,female,0
EPIC_0279,0,0,0,0,0.256876,0,0,0,0,0,0,0,0,0,0,0,0,0,0,0,0,0,AML,9.802739726,42.445,female,1
EPIC_0280,0,0,0,0,0.00655226,0,0,0,0,0,0,0,0,0,0,0,0,0,0,0,0,0,Control,11.90684932,42.201,female,1
EPIC_0281,0,0,0,0,0.00434683,0,0,0,0,0,0,0,0,0,0,0,0,0,0,0.00805306,0,0,Control,12.27671233,57.864,female,2
EPIC_0282,0,0,0,0,0,0,0,0,0,0,0,0,0,0,0,0,0,0,0,0,0,0,Control,12.12328767,57.155,female,0
EPIC_0283,0,0,0,0,0,0,0,0,0,0,0,0,0,0,0,0,0,0,0,0,0,0,Control,10.93150685,36.851,female,0
EPIC_0284,0,0,0,0,0,0,0,0,0,0,0,0,0,0,0,0,0,0,0,0,0,0,Control,10.93972603,36.454,female,0
EPIC_0285,0,0,0,0,0.00300526,0,0,0,0,0,0,0,0,0,0,0,0,0,0,0,0,0,Control,4.032876712,68.643,female,1
EPIC_0286,0,0,0,0,0,0,0,0,0,0,0,0,0,0,0,0,0,0,0,0,0,0,Control,10.17260274,51.025,male,0
EPIC_0287,0,0,0,0,0,0,0,0,0,0,0,0,0,0,0,0,0,0,0,0,0,0,Control,10.07945205,51.149,male,0
EPIC_0288,0,0,0,0,0,0,0,0,0,0,0,0,0,0,0,0,0,0,0,0,0,0,Control,9.945205479,51.058,male,0
EPIC_0289,0,0,0,0,0.00544218,0,0,0,0,0,0,0,0,0,0,0,0,0,0,0,0,0,Control,12.74246575,72.616,male,2
EPIC_0290,0,0,0,0,0.0138832,0,0,0,0,0,0,0,0,0,0,0,0,0,0,0.00218341,0,0,Control,11.8739726,72.559,male,2
EPIC_0291,0,0,0,0.0490966,0.00322321,0,0,0,0,0,0,0,0,0,0,0,0,0,0,0,0.00302389,0,Control,8.454794521,72.819,male,3
EPIC_0292,0,0,0,0,0,0,0,0,0,0,0,0.00303767,0,0,0,0,0,0,0,0,0.00549588,0,Control,10.88767123,68.394,female,3
EPIC_0293,0,0,0,0,0,0,0,0,0,0,0,0,0,0,0,0,0,0,0,0,0,0,Control,10.82739726,68.723,female,0
EPIC_0294,0,0,0,0,0,0,0,0,0,0,0,0,0,0,0,0,0,0,0,0,0,0,Control,10.82739726,63.398,female,0
EPIC_0295,0,0,0,0,0,0,0,0,0,0,0,0,0,0,0,0,0,0,0,0.00414938,0,0,Control,10.7890411,63.231,female,1
EPIC_0296,0,0,0,0,0,0,0,0,0,0,0,0,0,0,0,0,0,0,0,0,0,0,Control,10.91232877,55.233,female,0
EPIC_0297,0,0,0,0,0.0152103,0,0,0,0,0,0,0,0,0,0,0,0,0,0,0,0,0,Control,10.89041096,71.767,male,1
EPIC_0298,0,0,0,0,0,0,0,0,0,0,0,0,0,0,0,0,0,0,0,0,0,0,Control,10.82739726,71.754,male,0
EPIC_0299,0,0,0,0,0,0,0,0,0,0,0,0,0,0,0,0,0,0,0,0,0,0,Control,10.73424658,55.603,female,0
EPIC_0300,0,0,0,0,0.0181425,0,0,0,0,0,0,0,0,0,0,0,0,0,0,0.0343385,0,0,AML,6.010958904,64.865,male,3
EPIC_0301,0,0,0,0,0,0,0,0,0,0,0,0,0,0,0,0,0,0,0,0,0,0,Control,10.60547945,71.37,female,0
EPIC_0302,0,0,0,0,0,0,0,0,0,0,0,0,0,0,0,0,0,0,0,0,0,0,Control,10.60273973,43.392,female,0
EPIC_0303,0,0,0,0,0.0054678,0,0,0,0,0,0,0,0,0,0,0,0,0,0,0,0,0,Control,10.58356164,64.011,male,2
EPIC_0304,0,0,0,0,0,0,0,0,0,0,0,0,0,0,0,0,0,0,0,0,0,0,Control,6.753424658,66.68,female,0
EPIC_0305,0,0,0,0,0.00687071,0,0,0,0,0.00808003,0,0,0,0,0,0,0,0,0,0,0,0,Control,10.54520548,66.026,female,2
EPIC_0306,0,0,0,0,0.00329897,0,0,0,0,0,0,0,0,0,0,0,0,0,0,0,0,0,Control,11.46849315,58.93,male,1
EPIC_0307,0,0,0,0,0.174138,0,0,0,0,0,0,0,0,0,0,0,0,0,0,0,0,0,Control,11.44109589,58.355,male,1
EPIC_0308,0,0,0,0,0.0151515,0,0,0,0,0,0,0,0,0,0,0,0,0,0,0,0,0,Control,11.30684932,67.288,male,1
EPIC_0310,0,0,0,0,0,0,0,0,0,0,0,0,0,0,0,0,0,0,0,0,0,0,Control,11.20547945,56.638,male,0
EPIC_0311,0,0,0,0,0,0,0.42993,0,0,0,0,0,0,0,0,0,0,0,0.43817,0,0,0,AML,4.408219178,56.12,male,2
EPIC_0312,0,0,0,0,0,0,0,0,0,0,0,0,0,0,0,0,0,0,0,0.00557414,0,0,Control,11.1369863,56.49,male,1
EPIC_0313,0,0,0,0,0,0,0,0,0,0,0,0,0,0,0,0,0,0,0,0,0,0,Control,11.89863014,56.397,male,0
EPIC_0314,0,0,0,0,0,0,0,0,0,0,0,0,0,0,0,0,0,0,0,0,0,0,Control,9.564383562,64.164,female,0
EPIC_0315,0,0,0,0,0.012993,0,0,0,0,0,0,0,0,0,0,0,0,0,0,0.0146341,0,0,Control,9.545205479,64.257,female,3
EPIC_0316,0,0,0,0,0,0,0,0,0,0,0,0,0,0,0,0,0,0,0,0,0,0,Control,9.545205479,64.263,female,0
EPIC_0317,0,0,0,0,0.0569907,0,0,0.0148745,0,0,0,0,0,0,0,0,0,0,0,0,0.00295858,0,AML,7.936986301,64.282,female,3
EPIC_0318,0,0,0,0,0.0271164,0,0,0,0,0,0,0,0,0,0,0,0,0,0,0,0,0,Control,9.520547945,64.687,female,1
EPIC_0319,0,0,0,0,0,0,0,0,0,0,0,0,0,0,0,0,0,0,0,0,0,0,Control,11.70410959,42.133,female,0
EPIC_0320,0,0,0,0,0,0,0,0,0,0,0,0,0,0,0,0,0,0,0,0,0,0,Control,11.74794521,56.016,male,0
EPIC_0321,0,0,0,0,0,0,0,0,0,0,0,0,0,0,0,0,0,0,0,0,0,0,Control,8.084931507,60.761,male,0
EPIC_0322,0,0,0,0,0,0,0,0,0,0,0,0,0,0,0,0,0,0,0,0,0,0,Control,3.364383562,56.701,female,0
EPIC_0323,0,0,0,0,0,0,0,0,0,0,0,0,0,0,0,0,0,0,0,0,0,0,AML,9.309589041,36.309,female,0
EPIC_0324,0,0,0,0,0,0,0,0,0,0,0,0,0,0,0,0,0,0,0,0,0,0,Control,10.55890411,36.758,female,0
EPIC_0325,0,0,0,0,0,0,0,0,0,0,0,0,0,0,0,0,0,0,0,0.0030296,0,0,Control,10.45479452,68.454,female,1
EPIC_0326,0,0,0,0,0,0,0,0,0,0,0,0,0,0,0,0,0,0,0,0,0,0,Control,10.90136986,48.268,female,0
EPIC_0327,0,0,0,0,0.0241628,0,0,0,0,0,0,0,0,0,0,0,0,0,0,0.011713,0,0,AML,5.334246575,43.644,female,2
EPIC_0328,0,0,0,0,0,0,0,0,0,0,0,0,0,0,0,0,0,0,0,0,0,0,Control,10.40547945,71.472,female,0
EPIC_0329,0,0,0,0,0.00679785,0,0,0,0,0,0,0,0,0,0,0,0,0,0,0,0,0,Control,10.3890411,43.628,female,1
EPIC_0330,0,0,0,0,0,0,0,0,0,0,0,0,0,0,0,0,0,0,0,0,0,0,Control,10.36712329,43.921,female,0
EPIC_0331,0,0,0,0,0,0,0,0,0,0,0,0,0,0,0,0,0,0,0,0,0,0,Control,10.34520548,43.94,female,0
EPIC_0332,0,0,0,0,0.00513631,0,0,0,0,0,0,0,0,0,0,0,0,0,0,0,0,0,Control,10.29863014,71.932,female,1
EPIC_0333,0,0,0,0,0,0,0,0,0,0,0,0,0,0,0,0,0,0,0,0,0,0,Control,8.035616438,66.856,female,0
EPIC_0334,0,0,0,0,0,0,0,0,0,0,0,0,0,0,0,0,0,0,0,0,0,0,Control,7.882191781,66.533,female,0
EPIC_0336,0,0,0,0,0.0109825,0,0,0,0,0,0,0,0,0,0,0,0,0,0,0,0,0,AML,3.22739726,50.932,female,1
EPIC_0337,0,0,0,0,0.013104,0,0,0,0,0,0,0,0,0,0,0,0,0,0,0,0,0,AML,5.621917808,63.055,female,2
EPIC_0338,0,0,0,0,0,0,0,0,0,0,0,0,0,0,0,0,0,0,0,0,0,0,AML,4.64109589,59.102,female,0
EPIC_0340,0,0,0,0,0,0,0,0,0,0,0,0,0,0,0,0,0,0,0,0,0,0,AML,2.860273973,43.521,female,0
EPIC_0341,0,0,0,0,0,0,0,0,0,0,0,0,0,0,0,0,0,0,0,0,0,0.256059,AML,1.901369863,66.574,female,1
EPIC_0342,0,0,0,0,0,0,0,0,0,0,0,0,0,0,0,0,0,0,0,0,0,0,AML,6.397260274,51.447,male,0
EPIC_0343,0,0,0,0,0,0,0,0,0,0,0,0,0,0,0,0,0,0,0,0,0,0,AML,4.745205479,50.346,female,0
EPIC_0344,0,0,0,0,0,0,0,0,0,0,0,0,0,0,0,0,0,0,0,0,0,0,AML,4.734246575,55.784,female,0
EPIC_0346,0,0,0,0,0.0477262,0,0,0.124743,0,0,0,0,0,0,0,0,0,0,0,0,0,0,AML,0.794520548,58.88,male,2
EPIC_0347,0,0,0,0,0,0,0,0,0,0,0,0,0,0,0,0,0,0,0,0.00146413,0,0,AML,3.901369863,64.066,female,1
EPIC_0348,0,0,0,0,0.00197412,0,0,0,0,0,0,0,0,0,0,0,0,0,0,0,0.0018864,0,AML,0.860273973,70.253,female,2
EPIC_0349,0,0,0,0.127062,0,0,0,0,0,0,0,0,0,0,0,0,0,0,0,0,0,0,AML,7.567123288,61.544,male,1
EPIC_0350,0,0,0,0,0,0,0,0,0,0,0,0,0,0,0,0,0,0,0,0.00339443,0,0,Control,12.16164384,61.938,male,1
EPIC_0351,0,0,0,0,0,0,0,0,0,0,0,0,0,0,0,0,0,0,0,0,0,0,Control,10.41643836,63.316,female,0
EPIC_0352,0,0,0,0,0,0,0,0,0,0,0,0,0,0,0,0,0,0,0,0,0,0,Control,10.93972603,51.493,male,0
EPIC_0353,0,0,0,0,0,0,0,0,0,0,0,0,0,0,0,0,0,0,0,0,0,0,Control,8.060273973,51.535,male,0
EPIC_0354,0,0,0,0,0.00948509,0,0,0,0,0,0,0,0,0,0,0,0,0,0,0,0,0,Control,9.265753425,56.638,female,1
EPIC_0355,0,0,0,0,0,0,0,0,0,0,0,0,0,0,0,0,0,0,0,0,0,0,Control,9.180821918,56.405,female,0
EPIC_0356,0,0,0,0,0,0,0,0,0,0,0,0,0,0,0,0,0,0,0,0,0,0,Control,9.134246575,50.467,female,0
EPIC_0357,0,0,0,0,0,0,0,0,0,0,0,0,0,0,0,0,0,0,0,0,0,0,Control,8.939726027,50.387,female,0
EPIC_0358,0,0,0,0,0,0,0,0,0,0,0,0,0,0,0,0,0,0,0,0,0,0,Control,9.323287671,50.883,female,0
EPIC_0359,0,0,0,0,0,0,0,0,0,0,0,0,0,0,0,0,0,0,0,0,0,0,AML,7.904109589,48.17,male,0
EPIC_0360,0,0,0,0,0,0,0,0,0,0,0,0,0,0,0,0,0,0,0,0,0,0,Control,11.45205479,51.817,male,0
EPIC_0361,0,0,0,0,0,0,0,0,0,0,0,0,0,0,0,0,0,0,0,0,0,0,Control,10.99178082,51.565,male,0
EPIC_0362,0,0,0,0,0.14862,0,0,0,0,0,0,0,0,0,0,0,0,0,0,0,0,0,Control,10.92876712,61.383,male,1
EPIC_0363,0,0,0,0,0,0,0,0,0,0,0,0,0,0,0,0,0,0,0,0,0,0,Control,7.764383562,71.258,male,0
EPIC_0364,0,0,0,0,0,0,0,0,0,0,0,0,0,0,0,0,0,0,0,0,0,0,Control,7.449315068,49.544,female,0
EPIC_0365,0,0,0,0,0,0,0,0,0,0,0,0,0,0,0,0,0,0,0,0,0,0,Control,7.545205479,49.938,female,0
EPIC_0366,0,0,0,0,0,0,0,0,0,0,0,0,0,0,0,0,0,0,0,0,0,0,Control,8.249315068,49.435,female,0
EPIC_0367,0,0,0,0,0.00476474,0,0,0,0,0,0,0,0,0,0,0,0,0,0,0.00519181,0,0,Control,11.19726027,71.576,male,3
EPIC_0368,0,0,0,0,0,0,0,0,0,0,0,0.00644884,0,0,0,0,0,0,0,0,0.00636436,0,Control,10.83835616,71.491,male,2
EPIC_0369,0,0,0,0,0,0,0,0,0,0,0,0,0,0,0,0,0,0,0,0,0,0,Control,11.11780822,61.78,male,0
EPIC_0370,0,0,0,0,0,0,0,0,0,0,0,0,0,0,0,0,0,0,0,0,0,0,Control,10.56164384,61.251,male,0
EPIC_0371,0,0,0,0,0,0,0,0,0,0,0,0,0,0,0,0,0,0,0,0.00671551,0,0,Control,10.67671233,61.864,male,1
EPIC_0372,0,0,0,0,0,0,0,0,0,0,0,0,0,0,0,0,0,0,0,0.00335445,0,0,Control,10.33972603,71.641,male,1
EPIC_0373,0,0,0,0,0,0,0,0,0,0,0,0,0,0,0,0,0,0,0,0,0,0,AML,4.4,55.556,male,0
EPIC_0374,0,0,0,0,0,0,0,0,0,0,0,0,0,0,0,0,0,0,0,0,0,0,AML,3.419178082,49.914,female,0
EPIC_0375,0,0,0,0,0,0,0,0,0,0,0,0,0,0,0,0,0,0,0,0,0,0,Control,11.55616438,56.2,male,0
EPIC_0376,0,0,0,0,0,0,0,0,0,0,0,0,0,0,0,0,0,0,0,0,0,0,Control,10.64383562,56.813,male,0
EPIC_0377,0,0,0,0,0,0,0,0,0,0,0,0,0,0,0,0,0,0,0,0.347634,0,0,AML,0.704109589,66.393,female,2
EPIC_0378,0,0,0,0,0.167099,0,0,0,0,0,0,0,0,0,0,0,0,0,0,0,0,0,AML,6.536986301,56.553,male,1
EPIC_0379,0,0,0,0,0.00465875,0,0,0,0,0,0,0,0,0,0,0,0,0,0,0,0,0,Control,6.734246575,56.539,male,1
EPIC_0380,0,0,0,0,0,0,0,0,0,0,0,0,0,0,0,0,0,0,0,0,0,0,Control,10.53150685,56.98,male,0
EPIC_0381,0,0,0,0,0.02784,0,0,0,0,0,0,0,0,0,0,0,0,0,0,0,0,0,AML,3.956164384,49.352,female,1
EPIC_0382,0,0,0,0,0,0,0,0,0,0,0,0,0,0,0,0,0,0,0,0.00441798,0,0,Control,9.104109589,56.668,female,1
EPIC_0383,0,0,0,0,0,0,0,0,0,0,0,0,0,0,0,0,0,0,0,0,0,0,Control,7.523287671,49.799,female,0
EPIC_0384,0,0,0,0,0,0,0,0,0,0,0,0,0,0,0,0,0,0,0,0,0,0,Control,12.86027397,51.521,female,0
EPIC_0385,0,0,0,0,0,0,0,0,0,0,0,0,0,0,0,0,0,0,0,0,0,0,Control,13.10410959,51.74,female,0
EPIC_0386,0,0,0,0,0,0,0,0,0,0,0,0,0,0,0,0,0,0,0,0,0,0,Control,12.86027397,51.4,female,0
EPIC_0388,0,0,0,0,0,0,0,0,0,0,0,0,0,0,0,0,0,0,0,0,0,0,Control,10.94246575,61.58,male,0
EPIC_0389,0,0,0,0,0.0189041,0,0,0,0,0,0,0,0,0,0,0,0,0,0,0,0,0,Control,12.77808219,51.592,female,2
EPIC_0390,0,0,0,0,0,0,0,0,0,0,0,0,0,0,0,0,0,0,0,0,0,0,Control,8.024657534,61.098,male,0
EPIC_0391,0,0,0,0,0,0,0,0,0,0,0,0,0,0,0,0,0,0,0,0,0,0,AML,9.131506849,67.014,female,0
EPIC_0392,0.00306383,0,0,0.00341394,0.368548,0,0,0,0,0,0,0,0,0,0,0,0,0.104195,0,0,0,0,AML,7.410958904,56.348,female,4
EPIC_0393,0,0,0,0,0,0,0,0,0,0,0,0,0,0,0,0,0,0,0,0,0,0,Control,7.235616438,73.837,male,0
EPIC_0394,0,0,0,0,0,0,0,0,0,0,0,0,0,0,0,0,0,0,0,0,0,0,Control,10.86849315,73.864,male,0
EPIC_0395,0,0,0,0,0,0,0,0,0,0,0,0,0,0,0,0,0,0,0,0.00459841,0,0,Control,11.06027397,66.502,female,1
EPIC_0396,0,0,0,0,0,0,0,0,0,0,0,0,0,0,0,0,0,0,0,0.00504868,0,0,Control,10.92876712,71.381,male,1
EPIC_0397,0,0,0,0.031676,0,0,0,0.148782,0,0,0,0,0,0,0,0,0,0,0.298655,0.00665742,0,0,AML,9.701369863,69.227,female,5
EPIC_0398,0,0,0,0,0,0,0,0,0,0,0,0,0,0,0,0,0,0,0,0,0,0,Control,12.49315068,48.931,male,0
EPIC_0399,0,0,0,0,0.00398248,0,0,0,0,0,0,0,0,0,0,0,0,0,0,0,0,0,Control,13.8109589,64.517,male,1
EPIC_0400,0,0,0,0,0.4181,0,0,0,0,0,0,0,0,0,0,0,0,0,0,0,0,0,Control,12.88219178,56.307,female,1
EPIC_0401,0,0,0,0,0,0,0,0,0,0,0,0,0,0,0,0,0,0,0,0,0,0,AML,10.04383562,55.83,male,0
EPIC_0402,0,0,0,0,0.0368774,0,0,0,0,0,0,0,0.00937744,0,0,0,0,0,0,0,0,0,Control,9.912328767,56.611,female,2
EPIC_0403,0,0,0,0,0,0,0,0,0,0,0,0,0,0,0,0,0,0,0,0,0,0,Control,13.73150685,73.58,female,0
EPIC_0404,0,0,0,0,0,0,0,0,0,0,0,0,0,0,0,0,0,0,0,0.00485223,0,0,Control,13.65479452,73.728,female,1
EPIC_0405,0,0,0,0,0,0,0,0,0,0,0,0,0,0,0,0,0,0,0,0,0,0,Control,13.63287671,66.705,female,0
EPIC_0406,0,0,0,0,0,0,0,0,0,0,0,0,0,0,0,0,0,0,0,0,0,0,AML,7.238356164,70.324,male,0
EPIC_0407,0,0,0,0,0,0,0,0,0,0,0,0,0,0,0,0,0,0,0,0,0,0,Control,13.40273973,70.275,male,0
EPIC_0408,0,0,0,0,0,0,0,0.0126152,0,0,0,0,0,0,0,0,0,0,0,0,0,0,Control,13.43835616,70.809,male,1
EPIC_0409,0,0,0,0,0.017418,0,0,0,0,0,0,0,0,0,0,0,0,0,0,0.36803,0,0,Control,12.67123288,73.916,male,2
EPIC_0410,0,0,0,0,0.0035769,0,0,0,0.00542345,0,0,0,0,0,0,0,0,0,0,0,0,0,Control,5.879452055,73.177,male,2
EPIC_0411,0,0,0,0,0.00236153,0,0,0,0,0,0,0,0,0,0,0,0,0,0,0,0,0,Control,11.64109589,58.078,male,1
EPIC_0412,0,0,0,0,0,0,0,0,0,0,0,0,0,0,0,0,0,0,0,0.0344828,0,0,Control,11.00547945,69.979,male,1
EPIC_0413,0,0,0,0,0.0163391,0,0,0,0,0,0,0,0,0,0,0,0,0,0,0,0.00557414,0,Control,13.24657534,69.971,female,3
EPIC_0414,0,0,0,0,0,0,0,0,0,0,0,0,0,0,0,0,0,0,0,0,0,0,Control,14.0630137,59.184,male,0
EPIC_0415,0,0,0,0,0.0341228,0,0,0,0,0,0,0,0,0,0,0,0,0.0190287,0,0.0131492,0.00326052,0,Control,11.90410959,66.916,female,5
EPIC_0416,0,0,0,0,0,0,0,0,0,0,0,0,0,0,0,0,0,0,0,0,0,0,Control,14.1369863,60.446,female,0
EPIC_0417,0,0,0,0,0,0,0,0,0,0,0,0,0,0,0,0,0,0,0,0,0,0,Control,12.87945205,60.619,female,0
EPIC_0418,0,0,0,0,0,0,0,0,0,0,0,0,0,0,0,0,0,0,0,0,0,0,Control,13.53424658,57.563,female,0
EPIC_0419,0,0,0,0,0,0,0,0,0,0,0,0,0,0,0,0,0,0,0,0,0,0,Control,12.69041096,54.108,male,0
EPIC_0420,0,0,0,0,0,0,0,0,0,0,0,0,0,0,0,0,0,0,0,0,0,0,Control,12.88219178,56.654,female,0
EPIC_0421,0,0,0,0,0.0180124,0,0,0,0,0,0,0,0,0,0,0,0,0,0,0,0,0,Control,12.9369863,55.849,male,1
EPIC_0422,0,0,0,0,0.043176,0,0,0,0,0,0,0,0,0,0,0,0,0,0,0,0,0,Control,10.87671233,68.753,female,3
EPIC_0423,0,0,0,0,0.0214823,0,0,0,0,0,0,0,0,0,0,0,0,0,0,0,0,0,Control,11.46027397,69.164,male,1
EPIC_0424,0,0,0,0,0,0,0,0,0,0,0,0,0,0,0,0,0,0,0,0.0467515,0,0,AML,7.315068493,63.775,female,1
EPIC_0425,0,0,0,0,0,0,0,0,0,0,0,0,0,0,0,0,0,0,0,0,0,0,Control,10.41369863,63.258,female,0
EPIC_0426,0,0,0,0,0.00630252,0,0,0,0,0,0,0,0,0,0,0,0,0,0,0,0,0,Control,12.29863014,58.062,male,1
EPIC_0427,0,0,0,0,0.0039878,0,0,0,0,0,0,0,0,0,0,0,0,0,0,0,0,0,Control,11.89315068,64.545,male,1
EPIC_0428,0,0,0,0,0.00396825,0,0,0,0,0,0,0,0,0,0,0,0,0,0,0,0,0,Control,11.84109589,64.244,male,1
EPIC_0429,0,0,0,0,0,0,0,0,0,0,0,0,0,0,0,0,0,0,0,0,0,0,Control,4.55890411,57.889,female,0
EPIC_0430,0,0,0,0,0,0,0,0,0,0,0,0,0,0,0,0,0,0,0,0,0,0,Control,11.45479452,57.259,female,0
EPIC_0431,0,0,0,0,0.0501202,0,0,0,0,0,0,0,0,0,0,0,0,0,0,0.00356947,0,0,Control,10.7890411,61.147,male,2
EPIC_0432,0,0,0,0,0,0,0,0,0,0,0,0,0,0,0,0,0,0,0,0,0,0,Control,10.39452055,53.38,male,0
EPIC_0433,0,0,0,0,0,0,0,0,0,0,0,0,0,0,0,0,0,0,0,0.00450082,0,0,Control,12.70958904,51.395,male,1
EPIC_0434,0,0,0,0,0,0,0,0,0,0,0,0,0,0,0,0,0,0,0,0,0,0,Control,14.18630137,52.895,male,0
EPIC_0435,0,0,0,0,0,0,0,0,0,0,0,0.00303849,0,0,0,0,0,0,0,0,0,0,Control,11.84109589,59.493,female,1
EPIC_0436,0.00753012,0,0,0,0.0140006,0,0,0,0,0,0,0,0,0,0,0,0,0,0,0,0,0,Control,13.19726027,59.682,female,3
EPIC_0437,0,0,0,0,0,0,0,0,0,0,0,0,0,0,0,0,0,0,0,0,0,0,Control,12.96438356,39.203,female,0
EPIC_0438,0,0,0,0,0,0,0,0,0,0,0,0,0,0,0,0,0,0,0,0,0,0,Control,13.49315068,49.194,female,0
EPIC_0439,0,0,0,0,0,0,0,0,0,0,0,0,0,0,0,0,0,0,0,0,0,0,AML,9.057534247,64.756,female,0
EPIC_0440,0,0,0,0,0,0,0,0,0,0,0,0,0,0,0,0,0,0,0,0,0,0,Control,11.52054795,64.851,female,0
EPIC_0441,0,0,0,0,0,0,0,0,0,0,0,0,0,0,0,0,0,0,0,0,0,0,Control,14.72054795,55.893,male,0
EPIC_0442,0,0,0,0,0,0,0,0,0,0,0,0,0,0,0,0,0,0,0,0,0,0,Control,14.1260274,59.436,male,0
EPIC_0443,0,0,0,0,0,0,0,0,0,0,0,0,0,0,0,0,0,0,0,0,0,0,Control,14.0109589,54.721,male,0
EPIC_0444,0,0,0,0,0,0,0,0,0,0,0,0,0,0,0,0,0,0,0,0,0,0,Control,13.64657534,50.732,male,0
EPIC_0445,0,0,0,0,0,0,0,0,0,0,0,0,0,0,0,0,0,0,0,0.00884695,0,0,Control,12.7890411,46.894,male,1
EPIC_0446,0,0,0,0,0,0,0,0,0,0,0,0,0,0,0,0,0,0,0,0,0,0,AML,7.624657534,46.987,male,0
EPIC_0447,0,0.00685074,0,0,0,0,0,0,0,0,0,0,0,0,0,0,0,0,0,0,0,0,Control,11.69589041,69.604,female,1
EPIC_0448,0.0482529,0,0,0,0,0,0,0,0,0,0.00388903,0,0,0,0,0,0,0,0,0,0.0579425,0,AML,8.810958904,71.02,male,3
EPIC_0449,0,0,0,0,0,0,0,0,0,0,0,0,0,0,0,0,0,0,0,0.00407056,0,0,Control,10.46027397,64.931,male,1
EPIC_0450,0,0,0,0,0.0942699,0,0,0,0,0,0,0,0,0,0,0,0,0,0,0,0,0,AML,2.58630137,51.51,female,1
EPIC_0451,0,0,0,0,0,0,0,0,0,0,0,0,0,0,0,0,0,0,0,0,0,0,Control,12.66849315,55.14,female,0
EPIC_0452,0,0,0,0,0,0,0,0,0,0,0,0,0,0,0,0,0,0,0.00415628,0,0,0,Control,11.74520548,62.461,male,1
EPIC_0453,0,0,0,0,0,0,0,0,0,0,0,0,0,0,0,0,0,0,0,0.0130318,0,0,Control,11.35342466,67.893,male,1
EPIC_0454,0,0,0,0,0.0103321,0,0,0,0,0,0,0,0,0,0,0,0,0,0,0,0,0,AML,6.153424658,41.377,female,1
EPIC_0455,0,0,0,0,0,0,0,0,0,0,0,0,0,0,0,0,0,0,0,0,0,0,AML,9.189041096,49.599,male,0
EPIC_0456,0,0,0,0,0,0,0,0,0,0,0,0,0,0,0,0,0,0,0,0,0,0,Control,11.84931507,67.409,female,0
EPIC_0457,0,0,0,0,0,0,0,0,0,0,0,0,0,0,0,0,0,0,0,0,0,0,Control,11.64657534,64.931,female,0
EPIC_0459,0,0,0,0,0.00438116,0,0,0,0,0,0,0,0,0,0,0,0,0,0,0.00489817,0,0,Control,12.05753425,67.871,female,3
EPIC_0460,0,0,0,0,0.00540176,0,0,0,0,0,0,0,0,0,0,0,0,0,0,0,0,0,Control,10.6739726,68.359,female,1
EPIC_0462,0.00487296,0,0,0,0.0196629,0,0,0,0,0,0,0,0,0,0,0,0,0,0,0,0,0,Control,12.97808219,52.359,female,2
EPIC_0463,0,0,0,0,0,0,0,0,0,0,0,0,0,0,0,0,0,0,0,0,0,0,Control,7.895890411,63.524,male,0
EPIC_0464,0,0,0,0,0.190865,0,0,0.235196,0,0,0,0,0,0,0,0,0,0,0,0,0,0,AML,6.019178082,61.667,male,3
EPIC_0465,0,0,0,0,0,0,0,0,0,0,0,0,0,0,0,0,0,0,0,0,0,0,Control,11.62191781,58.119,female,0
EPIC_0466,0,0,0,0,0.00613685,0,0,0,0,0,0,0,0,0,0,0,0,0,0,0,0,0,Control,11.75068493,55.003,male,1
EPIC_0467,0,0,0,0,0,0,0,0,0,0,0,0,0,0,0,0,0,0,0,0,0,0,Control,8.909589041,58.853,male,0
EPIC_0468,0,0,0,0,0,0,0,0,0,0,0,0,0,0,0,0,0,0,0,0.034678,0,0,Control,12.12328767,64.444,male,1
EPIC_0470,0.116192,0,0,0,0,0,0,0,0,0,0,0,0,0,0,0,0.0794777,0,0.14291,0,0,0,AML,5.646575342,71.866,male,5
EPIC_0471,0,0,0,0,0,0,0,0,0,0,0,0,0,0,0,0,0,0,0,0,0,0,Control,11.99452055,58.801,male,0
EPIC_0472,0,0,0,0,0,0,0,0,0,0,0,0,0,0,0,0,0,0,0,0,0,0,AML,11.09041096,39.524,female,0
EPIC_0473,0.370976,0,0,0,0,0,0,0,0,0,0,0,0,0,0,0,0,0,0,0.0092614,0,0.0048844,AML,11.84657534,59.017,female,3
EPIC_0474,0,0,0,0,0.0129625,0,0,0,0,0,0,0,0,0,0,0,0,0,0,0,0,0,Control,11.75342466,60.846,female,2
EPIC_0475,0,0,0,0,0,0,0,0,0,0,0,0,0,0,0,0,0,0,0,0,0,0,Control,11.22739726,67.8,male,0
EPIC_0476,0,0,0,0,0,0,0,0,0,0,0,0,0,0,0,0,0,0,0,0.00801012,0,0,Control,13.71232877,70.335,male,1
EPIC_0477,0,0,0,0,0,0,0,0,0,0,0,0,0,0,0,0,0.491016,0,0.315487,0,0,0,AML,8.271232877,59.359,male,2
EPIC_0478,0,0,0,0,0,0,0,0,0,0,0,0,0,0,0,0,0,0,0,0,0,0,Control,10.08493151,53.796,male,0
EPIC_0480,0,0,0,0,0,0,0,0,0,0,0,0,0,0,0,0,0,0,0,0,0,0,Control,14.76712329,58.853,male,0
EPIC_0481,0,0,0,0,0,0,0,0,0,0,0,0,0,0,0,0,0,0,0,0,0,0,Control,13.26575342,49.142,female,0
EPIC_0482,0,0,0,0,0,0,0,0,0,0,0,0,0,0,0,0,0,0,0,0,0,0,AML,11.16986301,57.758,male,0
EPIC_0483,0,0,0,0,0,0,0,0,0,0,0,0,0,0,0,0,0,0,0,0,0,0,Control,12.8739726,58.519,male,0
EPIC_0484,0,0,0,0,0,0,0,0,0,0,0,0,0,0,0,0,0,0,0,0,0,0,Control,12.80547945,58.037,male,0
EPIC_0485,0,0,0,0,0,0,0,0,0,0,0,0,0,0,0,0,0,0,0,0,0,0,Control,12.94246575,54.48,female,0
EPIC_0486,0,0,0,0,0,0,0,0,0,0,0,0.00397399,0,0,0,0,0,0,0,0,0,0,Control,12.57808219,48.728,male,1
EPIC_0487,0,0,0,0,0,0,0,0,0,0,0,0,0,0,0,0,0,0,0,0,0,0,Control,13.84109589,60.991,female,0
EPIC_0488,0,0,0,0,0,0,0,0,0,0,0,0,0,0,0,0,0,0,0,0,0,0,Control,13.68767123,46.333,female,0
EPIC_0491,0,0,0,0,0,0,0,0,0,0,0,0,0,0,0,0,0,0,0,0,0,0,Control,13.03835616,49.136,male,0
EPIC_0492,0,0,0,0,0,0,0,0,0,0,0,0,0,0,0,0,0,0,0,0,0,0,Control,12.96438356,67.233,female,0
EPIC_0494,0,0,0,0,0,0,0,0,0,0,0,0,0,0,0,0,0,0,0,0,0,0,Control,11.6,64.854,female,0
EPIC_0495,0,0,0,0,0,0,0,0,0,0,0,0,0,0,0,0,0,0,0,0,0,0,Control,12.05753425,62.319,male,0
EPIC_0496,0,0,0,0,0,0,0.00362392,0,0,0,0,0,0,0,0,0,0,0,0,0,0,0,AML,1.435616438,62.571,male,1
EPIC_0497,0,0,0,0,0.00463499,0,0,0,0,0,0,0,0,0,0,0,0,0,0,0,0,0,Control,13.45479452,55.403,male,1
EPIC_0498,0,0,0,0,0,0.0108853,0,0,0,0,0,0,0,0,0,0,0,0,0.207852,0.0125883,0,0,AML,7.994520548,55.198,male,3
EPIC_0499,0,0,0,0,0,0,0,0,0,0,0,0,0,0,0,0,0,0,0,0,0,0,Control,11.50684932,67.773,female,0
EPIC_0500,0,0,0,0,0,0,0,0,0,0,0,0,0,0,0,0,0,0,0,0,0,0,Control,11.42739726,66.661,female,0
EPIC_0501,0,0,0,0,0.0105405,0,0,0,0,0,0,0,0,0,0,0,0,0,0,0,0,0,Control,9.010958904,72.761,male,2
EPIC_0502,0,0,0,0,0,0,0,0,0,0,0,0,0,0,0,0,0,0,0,0,0,0,Control,9.879452055,64.298,female,0
EPIC_0503,0,0,0,0,0.00267539,0,0,0,0,0,0,0,0,0,0,0,0,0,0,0,0,0,Control,12.6,56.175,male,1
EPIC_0504,0,0,0,0,0.0602985,0,0.339044,0,0,0,0,0,0,0,0,0,0,0,0.00968703,0,0,0,AML,6.953424658,68.509,female,4
EPIC_0505,0,0,0,0,0,0,0,0,0,0,0,0,0,0,0,0,0,0,0,0,0,0,Control,10.51232877,68.43,female,0
EPIC_0506,0,0,0,0,0,0,0,0,0,0,0,0,0,0,0,0,0,0,0,0,0,0,Control,10.48219178,71.222,female,0
EPIC_0507,0,0,0,0,0.0634559,0,0,0,0,0,0,0,0,0,0,0,0,0,0,0.00839416,0,0,AML,1.794520548,46.568,male,2
EPIC_0509,0,0,0,0,0.388162,0,0,0,0,0,0,0,0,0,0,0,0,0,0,0,0,0,AML,4.120547945,66.798,female,2
EPIC_0510,0,0,0,0,0,0.304174,0,0,0,0,0,0,0,0,0,0,0,0,0,0,0,0,AML,9.076712329,58.196,male,1
EPIC_0511,0,0,0,0,0.0352277,0,0,0,0,0,0,0,0,0,0,0,0,0,0,0,0,0,Control,9.268493151,56.862,female,1
EPIC_0512,0,0,0,0,0.0154015,0,0,0,0,0,0,0,0,0,0,0,0,0,0,0.0111562,0,0,AML,3.660273973,58.817,female,6
EPIC_0513,0,0,0,0,0,0,0,0,0,0,0,0,0,0,0,0,0,0,0,0,0,0,Control,10.77534247,48.227,female,0
EPIC_0516,0,0,0,0,0,0,0,0,0,0,0,0,0,0,0,0,0,0,0,0.0120912,0,0,AML,7.761643836,72.873,male,1
EPIC_0517,0,0,0,0,0,0,0,0,0,0,0,0,0,0,0,0,0,0,0,0,0,0,Control,10.86849315,48.23,female,0
